{"song":{"sectionLengths":[],"player1":"bf","player2":"dad","notes":[{"sectionNotes":[[1050,0,1200],[1050,1,1200],[1050,2,1200],[1050,3,1200]],"lengthInSteps":16,"typeOfSection":0,"mustHitSection":true},{"sectionNotes":[[2550,0,0],[2700,1,0],[2850,2,0],[3450,0,0],[3450,3,0],[3750,1,0],[3750,2,0]],"lengthInSteps":16,"typeOfSection":0,"mustHitSection":true},{"sectionNotes":[[5550,0,0],[5700,1,0],[6000,1,0]],"lengthInSteps":16,"typeOfSection":0,"mustHitSection":true},{"sectionNotes":[[7350,0,0],[7350,1,0],[7650,1,0],[7650,2,0],[7950,2,0],[7950,3,0],[9150,0,0],[9300,2,0],[8850,1,0]],"lengthInSteps":16,"typeOfSection":0,"mustHitSection":true},{"sectionNotes":[[9750,4,0],[10050,5,0],[10350,4,150],[11400,4,0],[11700,6,0],[11100,5,0]],"lengthInSteps":16,"typeOfSection":0,"mustHitSection":false},{"sectionNotes":[[12150,4,0],[12450,5,0],[13050,4,0],[13200,6,0],[13500,4,0],[13800,5,0],[14100,4,0]],"lengthInSteps":16,"typeOfSection":0,"mustHitSection":false},{"sectionNotes":[[14550,0,0],[15150,0,0],[15450,0,0],[15450,1,0],[15750,1,0],[15750,2,0],[16500,0,0],[16500,1,0],[16500,2,0],[16500,3,0],[16650,0,600],[16650,1,600],[16650,2,600],[16650,3,600]],"lengthInSteps":16,"typeOfSection":0,"mustHitSection":true},{"sectionNotes":[[17550,0,0],[17850,2,0],[18150,0,0],[18300,2,0],[18600,0,0],[18900,2,0]],"lengthInSteps":16,"typeOfSection":0,"mustHitSection":true},{"sectionNotes":[[19200,5,0],[19500,6,150],[19950,5,1200]],"lengthInSteps":16,"typeOfSection":0,"mustHitSection":false},{"sectionNotes":[],"lengthInSteps":16,"typeOfSection":0,"mustHitSection":false},{"sectionNotes":[],"lengthInSteps":16,"typeOfSection":0,"mustHitSection":true},{"sectionNotes":[],"lengthInSteps":16,"typeOfSection":0,"mustHitSection":true},{"sectionNotes":[],"lengthInSteps":16,"typeOfSection":0,"mustHitSection":false},{"sectionNotes":[],"lengthInSteps":16,"typeOfSection":0,"mustHitSection":false},{"sectionNotes":[],"lengthInSteps":16,"typeOfSection":0,"mustHitSection":true},{"sectionNotes":[],"lengthInSteps":16,"typeOfSection":0,"mustHitSection":true},{"sectionNotes":[],"lengthInSteps":16,"typeOfSection":0,"mustHitSection":false},{"sectionNotes":[],"lengthInSteps":16,"typeOfSection":0,"mustHitSection":false},{"sectionNotes":[],"lengthInSteps":16,"typeOfSection":0,"mustHitSection":true},{"sectionNotes":[],"lengthInSteps":16,"typeOfSection":0,"mustHitSection":true},{"sectionNotes":[],"lengthInSteps":16,"typeOfSection":0,"mustHitSection":false},{"sectionNotes":[],"lengthInSteps":16,"typeOfSection":0,"mustHitSection":true},{"sectionNotes":[],"lengthInSteps":16,"typeOfSection":0,"mustHitSection":true},{"sectionNotes":[],"lengthInSteps":16,"typeOfSection":0,"mustHitSection":true},{"sectionNotes":[],"lengthInSteps":16,"typeOfSection":0,"mustHitSection":true},{"sectionNotes":[],"lengthInSteps":16,"typeOfSection":0,"mustHitSection":true},{"sectionNotes":[],"lengthInSteps":16,"typeOfSection":0,"mustHitSection":true},{"typeOfSection":0,"sectionNotes":[],"lengthInSteps":16,"bpm":100,"changeBPM":false,"mustHitSection":true},{"lengthInSteps":16,"altAnim":false,"typeOfSection":0,"sectionNotes":[],"bpm":100,"changeBPM":false,"mustHitSection":true},{"lengthInSteps":16,"altAnim":false,"typeOfSection":0,"sectionNotes":[],"bpm":100,"changeBPM":false,"mustHitSection":true},{"lengthInSteps":16,"altAnim":false,"typeOfSection":0,"sectionNotes":[],"bpm":100,"changeBPM":false,"mustHitSection":true},{"lengthInSteps":16,"altAnim":false,"typeOfSection":0,"sectionNotes":[],"bpm":100,"changeBPM":false,"mustHitSection":true},{"lengthInSteps":16,"altAnim":false,"typeOfSection":0,"sectionNotes":[],"bpm":100,"changeBPM":false,"mustHitSection":true}],"song":"Tutorial","validScore":true,"sections":0,"needsVoices":false,"speed":1.6,"bpm":100}}